{
  "total_events": 5123563,
  "entity_counts": {
    "processes": 505,
    "threads": 892,
    "files": 1340,
    "sockets": 99,
    "cpus": 6
  },
  "extraction_metadata": {
    "time_range": {
      "start": 76325.507364513,
      "end": 76340.723438596,
      "duration": 15.216074083000422
    },
    "unique_pids": 505,
    "unique_tids": 892
  }
}