{
  "total_sequences": 16480,
  "operations": {
    "write": 821,
    "socket_recv": 432,
    "socket_send": 228,
    "read": 1171,
    "close": 13219,
    "socket": 63,
    "open": 426,
    "mmap": 120
  },
  "total_bytes_transferred": 301900821292131044,
  "average_durations_ms": {
    "write": 96.00726025112455,
    "socket_recv": 301.77025510848006,
    "socket_send": 284.3858462281851,
    "read": 56.114016971219826,
    "close": 0.003342120990543071,
    "socket": 0.01109614233774621,
    "open": 11.314878783806636,
    "mmap": 3.15281126810684
  }
}